ID,Group,Feature_1,Feature_2,Feature_3
ID763,C,2234.2420510290117,386.4916961724905,843.2965237914848
ID204,C,2501.7230607886722,433.99370465278525,788.4496605031354
ID734,C,2861.9671731482113,403.9448857612547,92.26389681028604
ID422,B,2652.5091391747355,404.92256749804847,7517.0505234486545
ID559,C,2658.9807378415853,433.0701743565495,689.703616397645
ID432,A,2386.2083983175967,400.3174362340746,7765.009727858159
ID337,B,2414.6780083068816,384.6337368147631,7584.055000814783
ID347,C,2222.607613969024,400.0506465712427,41.252862191753366
ID774,C,2610.0495897218334,381.82339836726425,449.664460050722
ID142,B,2251.1145847126336,403.23055863760936,7290.4130870534145
ID892,B,2981.0110609481326,385.7743677106468,8021.3349724758955
ID898,B,2139.82709980355,391.88793669732183,7457.764175442953
ID345,B,2534.144652488012,395.80865329815066,7325.4007803201475
ID290,A,2516.346357937312,428.2303006427377,7862.841207114136
ID853,B,2149.6408307245792,400.6716108021599,6995.525788855366
ID581,C,2751.831932486662,388.30576186811095,210.43327550690674
ID602,A,1885.8214754165394,402.1847533557226,6644.511451665823
ID179,A,2609.559356295011,392.04996575303414,8048.27162076871
ID584,A,2699.828516527713,408.6494984203357,8711.715555954823
ID707,A,2615.436386772334,397.01358806548075,8352.192845472258
ID154,A,2587.6726242531427,361.06658091059614,9138.206121029858
ID442,A,3151.2890994090712,403.0138284882936,10179.404084969698
ID849,C,2858.4853369627726,415.7914086768609,-1.5902127070448842
ID119,A,2717.194143181087,418.8499584940243,8972.140086189913
ID790,A,2996.61324217143,418.1580292243828,9442.651509256286
ID619,C,2611.4899684460415,410.7137155476442,404.6710922133593
ID488,C,2202.000544874392,393.19009039180406,995.1590653400835
ID554,A,2656.5161013598804,395.02272122788025,8765.610926346086
ID259,A,2049.5468764403786,391.6997016489697,6636.824024875145
ID873,B,2248.207776389885,402.10569397905454,6832.10017102679
ID697,B,2120.482096468128,394.0750621153041,7034.779097531978
ID701,C,2378.972178452879,387.2646527242144,742.1544944304385
ID416,C,2685.341279334015,400.67042276395756,711.0454567858947
ID338,B,2252.215443641467,387.56233135948236,6764.188060558381
ID224,B,2344.906780735656,407.56455737953377,6492.318938249615
ID227,C,2294.706322008207,392.92354596965527,880.0003925679825
ID107,B,2599.989603529816,395.760153050891,7275.415154204283
ID127,A,2690.8327415325234,396.14317362700405,8824.957560815266
ID309,B,2285.2691187412324,410.1405917171786,7309.130499968032
ID477,C,2503.8170359490878,402.9939319655943,639.276403910827
ID655,B,2639.4546530359526,390.9277508070257,7848.828425042984
ID257,A,2652.6162755785945,416.9972225595399,8503.003031475206
ID261,C,2346.968825717931,396.94034612143184,592.1735956386624
ID181,B,2217.0533095033156,387.48386634423656,7165.06410520578
ID313,B,2835.6852708472125,383.1786322594991,8167.400726168069
ID141,C,2792.9890728708338,398.69908282192864,308.81616659843894
ID434,B,2602.225665294459,413.4464202209444,8045.61814612209
ID757,C,2310.336967233415,407.22366043800747,714.8755818336915
ID156,A,2309.4929383065264,379.9096695240422,7855.3958285775625
ID893,B,2696.632257121802,403.52087469225023,7746.151594454133
ID310,A,2440.2154910186923,427.3812179788191,7854.195466823283
ID272,B,2428.885450050076,382.9495879878896,7256.715148984219
ID117,B,1996.9549528520674,415.24888872115173,6631.707981847987
ID794,B,2642.2739709708694,409.4868716703095,7983.084338586551
ID459,C,2425.840779655598,404.7798506932481,813.3278813411553
ID408,A,2819.7886159435,402.2943729861776,8359.39404020768
ID489,A,2346.9787657634165,399.4547169094932,7228.5448360930495
ID125,B,2985.650212480449,407.3715598655614,8613.47121796076
ID476,C,2303.321689417371,406.2051264066675,39.3127950433975
ID134,B,2593.1325665544987,393.46802889975294,7489.573794914781
ID403,A,2635.0177953349057,407.1867892082241,8568.549954773152
ID212,C,2411.876407642094,405.86531599278493,168.49980752946112
ID878,C,2466.337035313776,367.6471069410953,975.6458684118561
ID640,B,2781.409851905549,423.6296581864279,8708.828043071744
ID366,C,3114.7648899591313,379.34669477451433,-771.407666288567
ID220,B,1853.8960883493298,411.29854524615973,6324.934840862385
ID710,B,2023.318346422782,378.43873016068807,6589.647885789282
ID616,C,2283.7180786735753,412.98303824932583,555.1788322561831
ID333,A,2155.817858729135,372.4054285561169,7316.800075309324
ID547,A,2448.873347636176,372.36208583653047,7757.744545736088
ID455,B,2390.561286511774,399.5577370229643,7292.832005653002
ID534,A,2610.234021099794,403.63927882865175,8347.132516618905
ID180,C,1871.4088109307286,401.51556043271404,652.4813408656112
ID254,A,2916.880643825924,400.26541557505055,8823.969170312226
ID556,A,2593.421998002898,412.79069863762965,8752.709725313462
ID496,A,2687.2581251253514,382.4661499494983,8965.654518198893
ID176,B,2691.1713755245864,383.65798121602165,8107.124505704972
ID359,B,2189.701199501108,359.7613309259722,7112.197771882496
ID284,B,2433.403161546406,397.376387180606,7508.963095721852
ID814,C,2719.452534948799,396.0964938277714,83.17953792426033
ID226,C,2250.3270473604266,409.014474571002,1112.3698745757863
ID654,A,1790.6818032617762,409.0866318588516,5601.886352550266
ID676,C,2576.3124234367806,381.8033107068436,76.25107447023629
ID108,A,3193.8583915976833,397.7639211590822,10222.727376145791
ID698,B,2288.016735157168,421.04263857787436,6812.617313987352
ID274,A,2522.125752074401,383.58258694742483,8297.204911951829
ID285,B,2749.189395191522,391.8024481099705,8152.827181659186
ID208,C,2298.191289982589,412.73335008316826,503.8084141726581
ID809,C,2268.1913566851435,402.3415121410064,606.2828910382516
ID207,C,2150.6037003541373,374.88850266911055,507.99045313112583
ID388,B,2459.186025995756,414.110349699464,6983.831692566713
ID152,B,2918.4690808328205,415.2300112008579,8036.706952773095
ID576,B,2079.1300059517284,401.4929082254356,6554.988464899667
ID682,A,1921.5114117892301,419.5975245283501,5739.195772122364
ID214,B,2625.3691127924,378.168752873821,7678.14411335429
ID262,C,2174.734065703968,401.8530698185573,483.62807432057116
ID308,B,2570.1037284202057,420.28129823866743,7659.476535508209
ID316,B,2893.250152114637,389.75405303784186,7825.435712242588
ID195,C,2202.3604880078706,423.222773815395,759.4251303030012
ID360,B,2312.0073191510187,418.80956336596336,6828.436700678043
ID132,B,2245.3641314669794,405.4242403812031,6511.617570071732
ID209,A,2478.8784802499995,399.95879990558194,8086.732021802358
ID399,B,1958.2554565764576,378.76418858613846,5999.802388355807
ID424,A,2614.595911366239,393.6747347526513,8859.537014728703
ID538,B,2034.610473434831,371.0838376367628,6965.859406849891
ID193,A,2234.0389188846884,386.3342185517278,7313.054512481287
ID649,A,2795.0722088748116,403.7962629915433,8695.449072320225
ID627,B,2625.1104062334903,385.37730927264283,7921.2244302396175
ID158,A,2860.207818198066,387.20582867577355,9523.70218355627
ID319,A,2274.8620363669593,388.05477088528556,7084.63069040417
ID764,C,2224.9076757954713,392.72877095944926,462.7555451600083
ID161,A,2551.9430712335584,409.28567795636116,7986.6814927581945
ID203,B,2533.158450236392,396.1283753278909,7983.578700695451
ID693,B,2118.146611549633,393.6165934887958,6595.221551765611
ID264,C,2669.2809910962305,400.84415277696917,454.7500260350189
ID509,C,2609.9287876576595,387.39510417292706,291.8341575455561
ID305,C,2811.9519827746285,388.0730390392939,333.1700688765136
ID662,A,2729.492270480032,381.19223465144205,8665.513684746416
ID121,C,2612.4279763416803,419.44381825675896,574.9191669752245
ID721,B,2412.3148059094783,402.5071873462096,7504.97539851318
ID692,A,2599.1407238029037,399.9888021208444,8306.879671291334
ID405,C,2362.6550002524828,401.2331128706356,995.4115791192544
ID380,C,3187.1892499880632,390.2741467652375,246.05757382977845
ID371,C,2764.228905292502,416.97530101135095,132.20166010140792
ID168,A,2591.457010583841,372.28975879329624,7762.712958676616
ID541,C,1932.6417617660718,410.36816160259696,1106.895926402659
ID641,C,2960.309900551343,411.5575046361037,-181.2412006249865
ID382,A,2881.0124289563464,408.35607872852523,9559.665849966583
ID683,B,2315.8552156564115,406.81459903810446,6706.91901872742
ID883,C,2166.3505362813175,381.42088253214723,1131.3242669780973
ID733,A,2311.0750168794393,388.7672650682985,7410.334029878877
ID823,A,2151.6979895116388,419.1686560186467,7213.978416678342
ID766,B,2081.634975865604,413.668186482015,6544.005994677809
ID571,C,2787.1697051956103,414.7234344600654,-244.53603287378746
ID222,C,1761.0167315239955,417.32314016736206,1255.1482558987313
ID788,B,2500.9342136463224,402.58973437556386,7530.224187630978
ID128,A,2727.473038069689,395.40532925686546,9140.29412471424
ID233,B,3037.7225501433977,392.3074122330917,8780.803495243083
ID590,A,2215.65555722367,386.66101057945866,7325.49435635551
ID402,A,2270.5043935375325,413.970783325755,7085.649747388718
ID163,B,2584.3664894011404,413.67876629644087,8238.482807336159
ID136,A,2190.6087291625277,349.9352763493701,6830.283675796342
ID318,A,2695.752717435864,406.5203181243405,8754.001023524363
ID798,C,2512.8087627399277,412.8627438739299,702.7316377258721
ID270,B,1868.7276047294156,379.01109000851386,6360.193375688259
ID867,B,2349.502564244234,395.0828930310029,7355.316021237715
ID808,C,2064.050278360743,384.46275973473536,1353.0683846022694
ID667,C,2955.892610340319,390.800163691787,-168.42997353334204
ID139,B,2816.6417253664563,395.54676799524856,8726.165138718325
ID363,A,2515.233870303599,423.6335381637014,8262.158105797354
ID368,C,1883.7788030696238,397.05107309788207,1234.3043662021373
ID297,A,2426.4759493464567,376.1474107039309,7787.477451680519
ID799,C,2240.986461390449,396.84983315709593,319.86412146704834
ID521,A,2414.1744239865716,389.07547485671967,7547.515633549639
ID803,A,3028.757542140505,380.4313005797688,9829.977347145285
ID563,B,2856.6651339563123,389.74955428664157,8752.438073016732
ID583,C,2703.9037052851204,414.57334070173096,598.7774304357235
ID105,C,2710.3245430724755,403.79257942285756,557.8337042306212
ID532,B,2615.842321389172,421.5294724139035,7779.879783946209
ID450,C,2281.0709650684844,414.6593840473686,805.170521837789
ID384,C,2931.876985088972,414.01218881615586,-179.07833138502247
ID516,C,2849.8987078109776,381.3337926198661,324.1852338111962
ID266,B,2479.0637408084795,400.85888078944066,6826.848452464358
ID395,A,2707.426281207405,413.2400121579928,8515.877945890079
ID536,C,2947.946709499797,391.3849450586136,122.3481024737639
ID498,A,2333.0217872659914,397.28124602691497,7083.457294690842
ID191,C,2476.0411227928153,384.5694158192003,394.7471002360917
ID897,C,2535.8410334010923,389.06577726045816,455.5632936851616
ID508,A,2779.331375536087,382.87601788075153,8910.511524643656
ID630,B,2288.195484370226,399.2208827109789,7274.0800664305625
ID787,B,1934.7454605349403,376.2537577971061,6456.78361235839
ID370,B,2353.8846799789735,408.2900557298908,7219.38240244134
ID753,C,2544.409235367378,379.72474139214034,677.157658778809
ID106,B,2542.9660606787465,398.81100193885084,7679.278098130697
ID393,C,2798.0743904496467,409.9233841709188,718.6856695752103
ID216,C,2852.922762749031,369.3847206404355,139.01896619274567
ID659,A,2645.521065941416,386.76233471668047,8349.346554151347
ID482,B,2110.193513765824,400.10104564179926,6623.663723917238
ID301,C,2153.2924809151773,406.54590491949466,865.0411515463106
ID404,B,2060.7414339317465,399.86327943522406,7209.721320476674
ID593,C,2432.721399771385,423.7450114030442,578.7833241509686
ID801,C,2440.171372992974,375.45497047387255,660.8234431652372
ID548,C,2139.9005743961234,402.3109352404694,550.8424820263122
ID413,A,2567.7716046905553,428.48322364497454,8234.17583416614
ID545,C,2215.6818218055346,386.53622809124204,673.4222291632029
ID852,A,2321.899673006401,392.1001759040379,7468.297016235564
ID804,A,2425.9014757899213,398.48597851336774,7784.759128262298
ID665,A,2829.018192923297,394.8246475292424,9256.084587379746
ID560,B,2391.5652271971912,406.2235865191699,7265.213252281231
ID325,A,2510.737536454589,395.219936745648,8447.159312054657
ID589,A,2420.359110130752,425.9127209684474,8029.08410221781
ID240,A,2480.442845010946,383.36708964877926,8301.376506662475
ID696,A,2692.073365869408,416.2492592743092,7997.166977030318
ID228,B,2902.2140387872873,377.5483996109442,8580.239531609908
ID300,A,2266.5759004466513,385.63434413670507,7627.678048468446
ID230,C,2036.838233767094,402.8598215218111,943.9202043397777
ID731,B,1946.7936665233854,390.6557608407118,6472.51661755912
ID578,A,2108.2852943862317,390.89436056933647,7068.03968689328
ID724,B,2770.0701978890306,380.28062999789336,7556.356935552274
ID454,C,2410.502371027783,385.9957771089918,610.9451545530596
ID642,C,2462.571020961256,404.59935085889873,410.14238284651583
ID869,A,2910.132600761207,400.3569052681136,9301.93393370191
ID231,B,2495.7371954692344,404.2470705565892,7241.939400059548
ID670,C,2764.285362175819,399.5554499716151,440.10414293723807
ID624,B,2642.525583343247,414.50880566046254,8083.8572122934365
ID537,A,2647.358612754573,446.6259563486669,8333.8726729005
ID249,A,2626.5335365433666,415.0516278614803,8393.013042178362
ID845,B,2564.6445242727996,377.8272103531915,7001.399087391846
ID469,B,2848.6543972711756,401.8974464144015,8834.227861030464
ID468,A,2907.575801514952,377.18591241726557,10041.351921435778
ID244,C,2702.564608784896,397.5248060552008,60.57761439270962
ID585,C,2883.500228191011,441.342890448115,97.27431278256927
ID304,B,2479.678456678039,414.47837706915095,7759.349622545135
ID704,C,2896.1031348817733,375.69849742547024,-66.67428668137336
ID863,B,2568.0100510553207,427.4357200781638,7734.020432496109
ID410,B,2349.827826763307,388.46386157668843,7084.692743221447
ID324,C,2958.234355113925,387.85745502096023,-636.1299033230871
ID857,C,2866.061269579001,439.88346786339633,-11.844003716859788
ID381,C,2207.2445975231067,428.40341263663504,667.5498800788491
ID298,A,2765.1199653567865,425.1479941972827,8459.231894421864
ID574,B,2266.5202421745607,413.2503955569472,7311.5893381969545
ID265,B,2436.354646108039,383.9982803260956,6894.527585498883
ID481,B,2656.32422890279,421.96958592633166,7667.301089314792
ID618,A,2815.607881884373,445.140354174299,8497.279531013046
ID595,A,2534.5745510248553,411.22792386440403,8224.10934028745
ID278,B,2560.425111897824,380.4929969808106,7432.5126007407525
ID666,A,2466.2083863160965,401.0109240335549,8004.785693932456
ID479,B,3198.7688804306304,400.1067676425789,8938.030208440494
ID286,A,2093.7829287780564,390.7196123956926,7008.090402002421
ID524,B,2049.588926260023,412.779683478687,6818.772023629218
ID201,B,2330.1188544676484,393.55803990120705,7058.268056182435
ID334,C,2321.909646379589,378.4562903039978,832.9831394163984
ID506,C,2299.988698954191,420.277430220697,463.79157189361035
ID848,C,3221.620614640071,414.7040136024011,-421.4441283823594
ID751,B,2576.0401816000262,395.73153192736163,7818.259829208066
ID669,C,2314.389039201151,395.12796701764546,378.7925425763383
ID544,C,2529.6194177068764,408.70822163426226,34.631478617955054
ID626,B,2209.1134558884683,416.9516106834092,6733.89383353423
ID875,B,2230.4411704589284,408.8456899155573,6773.369868643091
ID346,B,1886.977404730662,418.7138488965464,6138.343025263705
ID287,B,2724.1670425915313,420.1617611607633,7824.045301528894
ID187,A,2454.4853290141273,405.9391633154797,7503.784530231408
ID722,A,2947.701913770801,406.43937019205697,9095.025243813097
ID441,A,2490.6418004854354,403.51810586058355,7420.239839037626
ID587,B,2205.0987538459585,372.336967326034,6633.927341971388
ID664,C,3076.621279090286,394.5144424372553,-286.16925956191426
ID307,C,2594.461040684663,406.91646023015085,-172.96591694096242
ID269,A,2103.146999049515,411.14380323301305,6700.379410113517
ID251,C,2093.6319579287965,368.3375962466298,352.48994905341715
ID546,A,2313.5521975627885,428.5831385400286,7443.629767419028
ID604,A,2753.864510729388,417.18924851418535,8484.712395183633
ID394,B,2487.7673598356932,390.3209005914179,7811.75651461444
ID694,B,1980.5163733246761,432.38709909525994,5994.03141261893
ID126,C,2440.18453081367,400.46350136977406,24.213778476484777
ID836,B,2695.2370807522225,370.76861973571664,7680.100103003421
ID400,B,2140.311784674487,399.1469405200478,6679.792823051726
ID433,A,2304.599664331617,396.8903116779027,7581.6136676503875
ID383,A,2065.590597951514,399.3415469066058,6690.186418550609
ID769,B,1987.0299475363854,379.94824685832685,6676.957907494085
ID375,A,3011.7426585085072,414.19033775815626,9122.64883564257
ID336,A,2430.4369182151945,408.44666918494437,7993.520803390604
ID838,B,2668.5141658756816,407.96819107266674,7335.878684011239
ID114,B,2658.293389833773,379.3783413074874,8209.741560074932
ID755,B,2267.4213702665947,390.34360315189804,6760.3473265538705
ID607,B,2358.3324176442484,410.1174481802524,7306.733986823658
ID812,C,2560.181534433063,405.6696139576918,668.4079497763132
ID160,C,2900.582736252175,374.4778764541151,61.58558116859285
ID861,C,2612.555615954998,398.2737366085565,562.715215354343
ID279,A,2259.135999058296,377.76630960646924,6930.686286961143
ID173,B,2209.9795317689604,395.29937136435416,6792.580688177204
ID706,C,2706.6888586662035,437.2765165112128,603.5794207804852
ID242,A,2497.1945127830327,391.55145790156485,8203.778379039984
ID341,A,2639.3788452466374,409.04247330648354,8008.268000261824
ID526,C,2111.2458840955514,387.8854198090755,1456.977216750632
ID540,B,2384.9980053913914,409.0964388821013,6915.437051246068
ID421,C,2096.2154176390004,412.1306776062958,522.8647607705532
ID565,C,2186.9343668366814,397.9358073035204,389.58612438063346
ID725,C,1686.7690235691357,392.10726104012093,668.1294806440144
ID783,C,2289.2424519853344,403.4336889439807,757.9585522432847
ID503,C,2846.4831784387243,390.07910575246024,48.55201571571206
ID854,C,2139.395502104561,386.9445421183659,290.6308511833463
ID840,C,2912.6378378757568,384.9897964536436,2.9718201906216564
ID367,B,2637.9930702139663,398.3389703943211,7122.363280104757
ID647,C,2426.7281013718252,397.7415359672676,-91.08978266359509
ID789,A,2232.41574080325,379.8353607959563,7058.264397941986
ID711,C,2337.6716803711843,389.95802847052335,853.45013522619
ID573,A,3122.1337155169517,405.39035093719576,10464.112476344852
ID116,A,2321.648615961572,391.5795398129774,7918.8895274602955
ID613,B,2368.587296757471,383.1873367378979,7475.489745960901
ID598,A,2417.125435103453,401.18843186549714,7161.626325433342
ID467,C,2351.7115615102107,371.5374998866763,84.22897020250957
ID866,B,2245.0491823068874,383.3710457758058,7063.84831257936
ID542,A,2323.8976840825803,412.0002208476209,7517.097206211429
ID608,C,2005.0529436384884,422.8977676886488,1408.5346181732777
ID513,A,2647.662507327612,394.78088733666993,8288.01927900661
ID397,B,2588.380828352941,385.2932869523809,7129.811210099708
ID811,B,3052.2156398510033,399.28563070913975,8530.210437814127
ID614,B,2497.701352893805,406.2176815857389,7506.568729116447
ID673,C,2259.1156137169933,380.2718366708115,368.2523181516756
ID351,A,2344.402447920063,404.8948742567491,7775.482421907338
ID871,C,2876.8173166999363,429.49664819871515,-148.343847981831
ID418,A,2211.0720741298032,385.56981492080826,7069.741088885019
ID543,B,2129.8264848272906,395.6840970954259,6779.626794082229
ID660,C,2548.377061284135,418.45877166254985,468.36409639182784
ID328,A,2350.753287114967,404.40181632274215,7399.480154550323
ID103,B,2650.7635686740673,407.82589335049636,7967.127694330809
ID686,A,2149.229731834341,410.8883504778934,6758.310670859993
ID557,A,2738.7646881844053,396.9266617800265,9071.00844533158
ID889,A,2133.801714255186,424.0057621543413,6613.151049958709
ID322,C,1940.498255041097,376.19163350121863,1164.423251739443
ID312,B,2635.6502429665197,415.60039166544266,7733.270471084915
ID464,C,2199.961105772768,391.2600293365454,994.9891652639544
ID446,C,3142.0373911933457,390.4065266648918,-465.37336022027375
ID431,C,2707.310742183197,402.98591459446124,448.5154886688856
ID294,C,2076.5531511119043,385.88365264606347,1053.4872234692682
ID332,C,2603.949219031108,386.38551926899913,295.57209596508073
ID348,B,2824.1359720845644,424.998838904491,7767.553399203258
ID609,B,2841.533687657389,382.20436873267363,8257.56179880876
ID412,A,2300.1172483059613,398.75252703988474,6967.018725517035
ID611,C,2593.035292541013,431.5120038644553,572.4945856044119
ID219,B,2648.9170849691664,393.03775801610226,7926.194040475959
ID171,C,2819.931724149522,408.30467152535897,-146.7308832400472
ID834,A,2480.132370017847,407.9493538135212,7337.226502408862
ID688,C,2462.0781218347984,407.3547701565537,686.5372271953952
ID392,A,2777.435220639124,417.08216360607287,8927.170604106115
ID182,B,2294.5738102386617,407.79532218057244,6826.672977642169
ID597,C,2428.618602845904,401.990957376687,397.81439198713383
ID465,C,2804.581731013039,426.25412797679775,-228.15828116934335
ID713,B,1960.351173580752,373.94001896570245,6377.135973366793
ID377,A,2248.984148321597,391.2313637905717,7564.343507913017
ID256,B,3339.639469194056,397.9501764399569,9219.929669560108
ID856,B,2675.9503893306983,391.87676650459076,8380.82684620664
ID514,A,2315.4685554452676,405.13823688015236,7308.24841233583
ID653,A,2387.1546978815486,391.28147383985157,7809.864334490307
ID210,B,2795.4755399282694,383.9403085783769,7536.040872676627
ID350,A,2865.9265525048686,372.9790971419474,8856.35024200016
ID217,C,2705.267515752605,405.59461181785247,839.6046885831565
ID146,C,2181.8581260068904,384.0409210834097,924.4933112749252
ID234,A,2596.638464579873,391.215154258495,8444.078874908311
ID462,C,2984.2763897949635,416.3602733935135,-390.51979524956414
ID444,C,2417.6651672187886,393.7726022213166,116.08188542029006
ID440,B,1904.208294907553,401.7338428121606,6247.597250707564
ID625,C,2244.310472500894,391.89105546485365,723.633891320319
ID505,C,2138.7962697483854,397.12131577614014,186.64105363074555
ID115,C,2839.9033679938434,392.43197297307404,-210.2399114063096
ID658,C,2351.472148936463,425.4015007689651,888.0131985306884
ID507,C,2615.842934930521,402.20250154921865,526.2573350836706
ID894,B,2944.476986136711,424.899759201479,8345.611824636695
ID599,B,2700.855316375003,356.9557777638138,7874.944139036503
ID874,C,2335.32591863167,414.17216982775926,346.22382077904285
ID635,B,2648.0216060932416,393.8202666332772,7617.589003885699
ID443,A,2444.717691652481,409.12539719694644,7725.2904286781595
ID355,B,2296.303733864349,427.15975254865424,6909.591477883572
ID797,C,2524.248702060788,397.84662807357824,473.77202698853125
ID572,C,2020.5183146775105,401.1634940623606,1375.5209918069004
ID745,B,2456.80475067328,387.81581643179544,7810.234753647337
ID586,A,2292.7586047876284,381.66473193235595,6962.70854467175
ID656,B,2943.723867864074,388.15661077887415,8340.476778518185
ID837,C,2841.5759644627306,403.63848567178843,-509.92190674910944
ID767,B,2378.422066021741,392.9686312667476,7579.417870133846
ID651,A,2429.1180912921313,387.85307961561165,8261.930945101762
ID582,C,2408.574858816019,403.8677183188023,675.4363594872466
ID770,A,2636.94300882684,386.60499471791655,8248.601431301202
ID888,B,2434.958646298745,405.1587371634828,7106.001358506302
ID215,C,2897.960612409033,398.8854135315559,73.83468268632805
ID723,A,2148.915755463673,363.4666977265782,7282.371290183774
ID784,B,2181.528987321701,420.68912129336985,6768.306485726126
ID610,B,2844.627553365456,397.9182865675575,8077.094815282437
ID887,A,2619.0478868986934,409.9424344398379,8601.557611824455
ID232,B,2695.6475101491446,407.22040747747553,7859.131018026899
ID530,A,2486.0722413981252,415.0613185830221,7794.010718685704
ID493,C,2541.104453566128,414.3051403138609,562.0869576167938
ID271,C,2644.9808887276777,392.1429084188952,978.2035017632834
ID291,A,2782.154270315644,391.8010708885992,8641.244652020132
ID646,C,2355.5619112713316,405.75150150693736,547.7064500903182
ID792,B,2614.1308622176653,408.6966276686507,7999.533779151711
ID623,C,2379.8582353985216,413.5760622171545,145.49081032463096
ID588,C,2564.3002634833488,379.28797304472215,470.79494431561807
ID241,A,2253.063136266499,415.71461876277976,6509.962966676028
ID281,B,2487.608317946994,408.06751164838255,7799.760284142734
ID414,A,2736.176960721965,409.8640955126001,8840.51069248341
ID376,A,2311.7298522559295,411.6329874637896,7264.298047481319
ID519,B,2378.748592835003,377.4184413212572,7224.450618041814
ID343,A,2635.1355467171707,413.7234895441949,8599.742348045238
ID795,C,2594.064399363793,410.9883580195246,-146.26583003488713
ID785,A,2434.716485941992,395.39789923326686,8190.780469753607
ID452,C,3204.9644951360115,416.687125850155,-707.6868546871842
ID822,A,2115.9749432354347,408.6491810804002,7101.687581312113
ID172,C,2050.2910014156278,412.10037187724424,1096.7151557638206
ID831,C,2738.962253639466,380.35920325772,-219.76439635892757
ID166,C,2516.7751850571904,393.5969395551953,602.8597546844076
ID484,B,2562.382934376243,393.2959059403073,8076.648572028358
ID681,B,2330.7545788237007,375.9653105049629,7441.321482095085
ID170,B,2242.282421078464,402.57942842424444,7209.996343893782
ID213,C,2741.7262110250845,386.0220409541829,468.97276274028945
ID638,C,3064.290507001633,395.6055368893978,-561.4577272612642
ID773,B,2832.8154459522366,395.0367732314149,8011.323587637153
ID621,A,2202.237788042257,410.0299978055345,6888.265843834064
ID303,A,2488.501681204664,415.45367128598457,8027.212571395124
ID276,A,2592.054718399171,410.1711497589675,7927.981033910777
ID200,A,2472.80088842172,390.6264964534302,8397.746145272353
ID292,A,2734.3270092851176,402.5242809840345,8667.8237249672
ID791,B,2355.989032414206,380.79349376088726,7566.1659711034845
ID772,B,3146.132581235178,407.45722165424723,8909.967433555219
ID275,B,3077.7990831385177,403.9137652329247,8655.087032458132
ID631,C,2641.193140863829,412.5286023103276,46.038564409033825
ID732,A,2466.3486793562843,388.91393483616633,7925.122407527275
ID771,A,2585.821374528012,401.88087633767236,7776.286070069466
ID407,A,2536.426741896049,390.7824882974621,8779.894834571749
ID435,A,1991.425550837489,399.4757771522616,6312.174611875947
ID157,C,2243.8715934444303,391.1640891099746,1198.6696548566715
ID374,A,2269.21797303376,395.1679251618232,7540.589298797903
ID353,C,2787.352720171549,383.5672563472311,723.4887976967075
ID730,A,2138.432193847754,387.00461004941786,7160.6716558213175
ID828,B,2744.057241388814,391.67324741543655,7777.599718966892
ID860,C,2186.8029067559637,376.3112419804498,1168.082531057179
ID255,B,2471.8248405161507,392.1642514421702,6859.665635410072
ID779,C,2440.8957911397965,413.4217483257748,64.90721867202001
ID720,C,2653.8995380280508,389.4569313391725,655.297102493772
ID747,B,2626.5291930775484,404.8176619472979,8014.0953378721315
ID555,B,2635.8562384157553,415.4821673719257,7856.608362885523
ID283,A,1999.6283731466158,403.5944589853192,6387.850931791638
ID622,C,2169.649365150269,389.4076280246077,799.1586345387809
ID415,B,2550.0312809949655,411.96279852476977,7286.325501377715
ID864,B,2489.0262340450527,397.17104341242185,7012.835407836812
ID357,A,2989.6317883349284,403.9784825962961,9683.067289191378
ID196,A,2066.4085384133095,401.94390071943036,6626.571353814059
ID311,C,3081.4125540801742,383.07316935139596,56.089426194515
ID406,B,2197.0954911776407,396.8605682226039,6914.896351808394
ID330,C,2572.2980378301436,382.8755609031441,215.89315098000816
ID825,C,2852.3828858482384,395.5467587172363,60.73394055941526
ID636,B,2557.9105871159345,386.4385300922338,7517.733901788619
ID323,A,2115.607853086602,388.99982911693826,7344.529118527567
ID101,A,2659.202920167353,419.9066828387825,8569.850098065754
ID810,B,2197.6506567342585,372.94213215225244,6697.618050041613
ID453,B,3062.6393973303348,399.83600592589795,7932.5194231006335
ID143,C,2269.5043219474223,383.0385665168557,940.0083158918962
ID675,A,2550.7298459222993,412.8479868323091,8270.730372082144
ID110,B,2577.3345549800483,390.6997808887495,7900.303007564684
ID793,A,2518.672203800582,411.491821051503,8121.368648597452
ID807,A,2724.189152751778,417.061302517159,8561.494697812774
ID768,B,2699.601763384818,384.30420470486746,7634.546024786477
ID603,C,2330.4112066733646,402.5495151676538,513.9785407266413
ID687,C,1977.5483511415596,386.96826901175433,1415.1123958020357
ID178,B,2536.539931014198,403.1809536679971,7428.192041001275
ID485,C,2546.178283875638,380.6714432001207,440.12119803618225
ID138,A,2889.1961477562063,392.912782017134,8604.305464257362
ID551,B,1691.7014149091833,411.7868080906027,6141.087945706895
ID778,C,2057.388694009068,408.41214709901067,-22.521892692227993
ID147,B,2624.042168646072,412.2497243947507,7593.271946293871
ID695,B,2556.966064764666,408.6502024742789,7427.483944095349
ID842,A,2147.1755420660074,401.75053997666527,7547.948725286036
ID580,C,3158.290779343045,411.0229742401441,19.53263966664963
ID149,C,2309.8586995106275,377.8923915684207,619.3823258816567
ID354,A,2745.3579674572725,425.19521326465906,9024.476003822077
ID569,C,2925.0319491510872,420.05124775523564,27.738330320042678
ID564,C,2467.598977571711,393.02334016329576,790.7097637619377
ID473,C,2305.045099181283,415.9792718749355,408.09510869617
ID461,A,2545.7064800987173,427.4356323469865,7740.465573316393
ID758,C,2468.826004221234,404.09697447127604,243.7734878927331
ID533,B,1899.0644570448399,401.7967261147677,6269.717039779831
ID629,A,2999.645933724356,403.07424786095646,9161.205450017565
ID417,A,1990.3481744760738,393.41776016275156,6551.350566590487
ID296,B,2042.7234939055659,404.45879010799314,6586.404853576065
ID327,C,2284.704076828798,426.2498692847092,1111.4788392434168
ID458,C,2327.929091298917,406.515040212544,594.771961422849
ID329,B,2929.4413278445877,391.3579695895365,7490.4017122815985
ID420,B,2652.4138457878307,392.044159876292,7468.106954204715
ID752,B,2427.440058428458,432.6558460641367,7226.753517956622
ID677,A,2577.553668859686,371.1821107797502,8190.8268808526955
ID486,B,2673.532582560387,399.61165220116055,7187.2471315213015
ID289,B,2359.1076264653766,391.3711535531382,6989.236013460525
ID819,A,2611.2292057381146,412.4783273942799,8191.521896369655
ID830,C,2344.4930020918337,395.1248578907729,341.2224955960487
ID527,A,2078.1035738331584,389.5107346771896,6833.953915374725
ID858,C,2379.387560323906,407.45414783482323,1247.5515350659807
ID153,C,2782.7511630391677,421.512660058946,16.18984595898064
ID899,A,2538.935934498262,396.65573332293553,7641.155707293477
ID246,A,2694.4472951970397,381.61965848638266,8644.939438728796
ID243,B,2633.2759744913224,375.0457458823695,7961.872400528024
ID570,B,2869.2883911412346,394.133779074597,8223.50167604853
ID562,B,2463.570892863479,412.72838550849434,7416.345268621068
ID478,A,2608.328618003324,412.36507999963254,7962.765211925032
ID663,A,2774.917650263871,409.4338130917765,9117.616696993267
ID302,B,2830.367361659293,394.5696351366258,8078.61558060214
ID617,C,2447.3235072233983,406.98476841338123,498.7491262621595
ID591,B,2594.5070497804923,408.88666389022404,7653.183497656677
ID717,C,2593.189044050991,413.9397302007196,984.0434911319262
ID500,B,1943.0360891483779,380.2096728096142,6166.639525539258
ID645,B,2327.5591029287334,399.0670483838132,7594.6947821460235
ID531,C,2578.973360717124,395.0960279870931,-6.796136125211433
ID190,C,2386.771665012217,402.8379317852636,414.42330604991366
ID727,A,3039.2844311986923,391.3705944927101,9653.673481795864
ID876,C,2709.746465554558,414.52489355444396,379.2673209363679
ID248,A,2803.7195406941814,370.8932362453469,9103.79392243475
ID685,A,2572.215427942859,388.304108902622,8409.746692140341
ID398,B,2609.934996063867,408.22094694569086,7264.9186516965
ID691,C,2549.641493773574,384.270672397658,493.98642477448857
ID847,C,2800.443801249346,398.5900609689297,-605.9032610341133
ID895,A,2194.982935863851,388.18100120506335,6830.130151043943
ID501,C,2733.37011085654,428.4951168437159,-86.70997058713738
ID714,B,2632.184708729134,395.6770725703772,7937.936445563571
ID737,B,2342.439408967816,373.0823534179416,7609.558376872055
ID594,A,3128.9816016458067,403.96140238923493,9684.119012576743
ID365,C,2725.9953207130807,405.057791835771,764.2013924782009
ID427,C,2911.13340371509,394.40920803332597,108.40585663807678
ID782,C,2272.772952849918,394.26463009794327,485.8889129199706
ID716,A,2571.623119279172,420.0051163440327,8363.363628005009
ID344,A,2614.117046921079,406.30399454871286,8579.787408583754
ID715,C,2050.67360666082,419.8601625976178,882.2674799503336
ID824,C,2360.84931632307,401.24163478342507,102.28856422463468
ID144,B,2150.3568837339067,386.2100327616937,6528.458508476544
ID806,A,2760.8480670523986,403.61593425734486,8943.768213278836
ID263,A,2848.8999772269626,408.2343338557591,8701.171968947692
ID293,B,1862.2333016602784,418.69931390047316,6078.996631983935
ID832,A,2893.184577679656,391.38124829485554,9339.912500355395
ID451,B,2562.2797298417063,390.15733805356376,8404.511750429774
ID776,C,3024.57641958809,409.3936367676291,92.14390429254036
ID475,A,1977.0768638492077,398.5284392445795,6537.022826366942
ID238,C,2211.0172804542244,429.87070965758835,419.28701409695327
ID456,C,2754.0469040009125,411.67176020550477,514.0136199915023
ID553,A,2523.0337924220325,389.262467377787,8087.116898584902
ID833,A,2368.500685614979,412.6758331709035,7440.996275730901
ID671,A,2046.253909632524,418.87667306739013,6318.278006481049
ID205,A,2406.1161229160443,394.2211372790913,8243.014578159171
ID140,C,2170.2120798321957,401.9011681198805,791.4849511937973
ID463,B,2234.2354593019763,385.6763207975583,7260.444401426083
ID851,B,2453.753086071747,408.9711437751188,7595.993409862664
ID362,B,2450.16932088245,384.9750259581159,7565.324110943728
ID282,A,2382.7686935726333,392.0275911204584,8144.676010643663
ID504,C,2872.8815012435025,401.4209423035793,-438.30347271460596
ID295,B,2603.3887372093054,401.8200704672683,7811.898633274655
ID637,C,2283.5183139912756,370.57607303338517,183.10986864593065
ID877,B,3187.5127079354334,388.136305303899,8979.516384521701
ID841,C,2035.7592014494346,401.4276843081205,1133.18207022765
ID223,B,2750.734690812655,408.38142603285195,7877.908556202741
ID802,A,2596.661031092644,388.3077237431543,8582.265113982354
ID245,C,2820.025796692481,380.2517549971617,-32.42778186150463
ID445,C,2803.421696901388,380.1339564956524,-59.19407394893642
ID741,C,2511.7483330527616,397.50858387253123,846.6892257611898
ID299,A,2620.7926941693167,402.47251967309114,8755.636945671355
ID457,B,2318.1272206843023,414.3263424441051,7362.370700986514
ID529,A,2341.981113639207,436.78757473562763,7613.893112194817
ID620,B,2872.0166484747374,383.32667394222864,8374.767319443596
ID183,A,2338.504594825903,408.8650120343918,7608.406775950823
ID211,A,2745.4474806090293,408.4772945054022,9128.609588314635
ID577,C,2393.241263697116,408.940309683674,687.1724189070005
ID643,C,2631.193652767359,386.1293170780973,448.5819751625736
ID568,C,2507.7173431176534,420.5520367942529,252.37452684201298
ID805,A,2239.489997982969,361.3432427503582,7503.385623198579
ID672,B,2285.5870737306536,381.4568659295605,6718.478123156099
ID342,C,2794.501256306168,383.5109075032052,7.723649952577489
ID390,C,2463.0188261636017,434.0078141061769,577.7386679609824
ID648,C,2344.5729999270347,382.5584709209941,258.6805795829398
ID891,B,2283.007383388613,424.8303732578075,7027.656689854569
ID229,C,2780.1687814979173,405.35084934716247,259.7477870956691
ID470,A,2726.195574385561,397.3279183175205,8762.84408399621
ID749,A,2715.6660143046697,404.3665285715346,8601.425648411328
ID113,B,2316.318383550694,397.1889629301152,6823.377159616036
ID661,A,2550.749016201954,388.34073621895084,8156.042846814575
ID879,B,2153.746653392229,374.1410519912956,6510.789182052787
ID678,B,1995.7560137824487,394.8641531338704,6639.317695051867
ID615,A,2467.1637115940293,386.67824103478506,8059.820953494627
ID552,B,2405.4351041408863,361.1341313403133,6925.384275124241
ID439,C,2948.1171244417624,408.84735110055044,-255.27251651875713
ID448,B,2898.1508435073806,399.5235453461557,8374.451753192561
ID859,A,2309.6128785955543,417.95547602474227,7348.210250662498
ID150,B,2472.125538727437,398.65181580168496,7744.997775856022
ID601,C,2804.694396788341,405.08422134989826,326.96267872721637
ID148,B,2552.4003613902487,389.40094792665656,7128.278146956359
ID796,B,2871.984306545197,392.36122359629644,8211.416374046055
ID199,B,2547.2339389779686,384.45884681406994,6821.204895447563
ID225,A,2202.6720207176327,372.93134830103327,7680.782371220999
ID314,B,2508.292866216149,408.6895250367142,7549.769160319689
ID120,C,2567.7471790452896,395.9126387205171,346.6157579520218
ID729,A,2334.2609940557068,368.1739433858214,7859.057437714411
ID709,A,2576.5332185713805,408.220109469981,7965.9136838902905
ID372,C,2341.0731412401256,390.43228994845487,595.0539629101129
ID510,C,3127.141736303772,422.2124010804047,-411.97223352783567
ID449,A,2643.5201794158256,391.88596375619005,8529.699708996672
ID679,B,2914.6298762379292,385.5249928362499,8430.409532845402
ID250,C,2928.485406018653,386.54670725032946,28.901385827900413
ID703,A,2267.985192237884,400.15373805048444,7476.763479938509
ID846,C,2083.3032723473407,409.9444812297883,777.5266144435836
ID886,A,2706.176827790935,401.4465862905997,9222.344001726326
ID235,B,2481.171601928686,397.9663359348308,7243.283433242862
ID890,C,2235.9375227130977,410.74031646807407,595.3550290414
ID762,A,2120.0477914228354,422.7969416032229,6778.500301862818
ID786,C,3347.157632446635,392.8374409096931,-257.0213772857601
ID880,A,2050.0177329393646,399.9357250674066,5683.93696526362
ID850,B,2552.3288216841415,392.7659703861136,7746.359043095775
ID202,A,2788.5601504318356,429.30914730452656,8994.9820546024
ID520,A,2715.820431296493,423.3558683165607,8048.260328874702
ID881,A,2227.2930461648243,387.0283150260691,7445.087151839356
ID237,A,2376.014869907701,379.4464696433326,7672.294650963226
ID700,A,2490.8164101744533,402.69223244958596,7765.202723706641
ID517,C,2576.0838488913196,382.88726384381846,726.6666347898285
ID109,B,2430.3151902296677,367.9953946509992,7145.534023287358
ID326,B,2729.8930445409364,393.69520624490457,7420.664968376193
ID436,C,2576.093233289719,409.0080119276705,308.5616977172517
ID760,A,2462.1705653639256,399.79879136570645,7648.156626295706
ID252,B,3039.7860170585755,404.26579473290144,8794.660292258948
ID821,A,2013.516710317299,407.0711658913615,7030.768677717307
ID896,B,2672.9352236728882,403.4215374929949,7930.415883137789
ID373,C,2563.7580909585117,381.3074870443571,671.4886030090624
ID472,B,2414.475006485761,378.587840384868,7086.85321529761
ID186,B,2283.000114885616,399.03164307065157,7740.223965018566
ID815,C,2593.5932822818313,394.8632544023904,86.8610441260571
ID719,A,3075.3791638401326,392.1222902981568,9571.238348762567
ID352,B,3104.3392885242642,385.1786091989384,8878.452998096702
ID826,C,2086.760998995939,391.4593684111686,870.6520679018963
ID145,B,2828.8032274669577,383.01088708769294,8222.953386418994
ID680,B,2623.1507443255105,418.33183863311893,7547.499373722994
ID756,C,2365.916324928503,385.26560425400646,670.8482460445421
ID575,A,2133.461508297326,400.38465837090496,6855.453880163466
ID515,C,2716.9398825417024,419.17269786085546,419.2405144981403
ID155,A,2729.100928072796,407.6819686279502,8765.550488547295
ID844,B,2839.694863490002,399.2812430403413,7864.370033369372
ID491,C,2309.29549670606,380.1124688351503,1127.0169570666828
ID754,B,2400.8029129104148,406.7766897031957,6849.298300300633
ID561,C,2554.6676986606635,403.29664694966846,169.21344939647497
ID423,A,2537.1912390781913,407.41721739463753,8667.16373366991
ID389,C,2772.846610276691,402.98706169480704,571.8389068763499
ID684,C,3375.854711016357,378.9842039836328,-619.02806294518
ID480,C,2482.791518250914,420.65556104072255,176.53999831075225
ID188,C,2431.432233834743,420.59277861034036,251.8681583926218
ID800,A,2794.240454070451,383.3220174981598,9285.241720723501
ID817,C,2393.7336415639156,391.5144132573405,260.9722603030191
ID781,B,2479.6351008264055,429.7543273949896,7632.984524143672
ID335,B,2549.7214539295733,422.10177914330893,8243.706942931514
ID744,C,2145.642494538363,398.3003676293621,568.0723897438952
ID339,B,2775.673302951658,405.90981953698406,8560.84416148429
ID868,A,2629.9452629018756,418.657254822122,8848.297178490373
ID702,B,2527.0290008206257,393.2690310533965,7464.862340634497
ID579,A,2728.7040066595932,388.5872663183949,9205.094323658766
ID135,A,2563.6509271589375,380.0971265437797,8193.512882402487
ID750,C,2005.7604298188126,367.79293424375305,911.7793234019671
ID523,A,2461.6668952680284,403.24555967079675,8363.688977817055
ID102,C,2450.5549044723352,387.86963497408925,314.68114384345836
ID652,B,2231.205407045907,400.37030389623317,6694.298852477874
ID633,C,2200.086745032814,402.3807060189393,595.0467043708959
ID884,A,2626.7741495521454,396.819943390733,8594.738736915864
ID321,C,3435.820354499895,417.79299891169376,-795.0751663835476
ID689,B,2448.1941948001945,389.1349823086822,7266.2947836223975
ID549,A,2268.7103530094155,402.52994391281214,7435.622813355682
ID474,C,2349.44041199201,378.306820605069,535.2257442261471
ID430,B,2462.0464573085283,399.399684547298,7509.440385077069
ID340,B,2656.962665361782,398.751149569761,7266.311919355472
ID827,A,2395.555296002055,401.51586368470146,7626.236191984668
ID705,B,2728.424248830132,398.21745454493134,7765.83974356697
ID865,C,2839.4616239464317,403.37739530425233,95.0595913419379
ID174,C,3003.495229243669,390.13345699698596,-605.7746735397325
ID131,C,2866.8891722524872,434.1407042967481,274.79894775009825
ID639,C,2078.340544903534,410.32656374020536,1544.5007219072843
ID267,B,2535.2654972389646,400.36321530091806,7254.1675693992
ID487,B,2572.678535772452,389.0018913645988,7711.188683130862
ID512,B,2590.056989887987,391.0099561898901,7663.410593575603
ID492,A,2732.427113060617,379.5059221640762,8360.162339421771
ID385,C,2439.6205957319116,403.4917502958615,595.3346864657165
ID499,C,2530.8503280027962,404.95493158913683,24.842537218758935
ID558,B,1805.118160467542,377.57430462627815,6295.127637264097
ID185,A,2722.3051331308566,394.7427724043765,8819.670098347986
ID268,B,2595.8431838032684,405.26619290125655,7449.4221084045275
ID718,A,2568.9301611502347,409.0142225310471,8648.006338924597
ID502,B,2524.950685039141,398.9947473391915,7461.878806903747
ID236,A,2078.3547540385857,417.5911334725492,6405.152902130307
ID167,C,2458.5232624636064,418.0082986370876,-264.1439758490992
ID194,A,2128.4148524881057,405.55543721179635,6081.515915859072
ID165,A,2856.6112470682097,396.1637942199682,9532.062712894749
ID320,B,2712.0056903625127,391.1323826268817,8144.986747867511
ID726,C,2725.6862112237986,399.8488806090832,691.610735896405
ID280,A,2138.7357797220347,376.2243829654442,7312.19007894401
ID198,A,2910.776346752553,388.08250291612944,9663.396146193872
ID592,C,2607.4535849818085,413.76270380100067,261.64292584895884
ID369,C,2414.1086394981244,384.8232177850781,155.21212061238202
ID712,B,2811.553344557581,393.6638147821147,7974.216776898373
ID124,A,2280.890444373805,408.2030691090812,6522.735560802135
ID253,C,2115.2037858368444,379.6035354572449,1337.8017924888723
ID129,B,2445.1650006373175,397.281563033635,7047.059390927841
ID606,C,2832.8133754478313,414.0431332317322,122.24139488474111
ID331,C,2709.979404269031,383.8747475987563,696.8871461529293
ID885,C,2591.1346507238477,393.5172093662674,321.3910792878196
ID632,A,2816.797417913268,390.502470601945,9342.51924465423
ID743,C,2258.282259743022,411.9560600483534,531.494514133823
ID761,A,1891.8145351180706,415.53414987366284,5496.566586241213
ID349,B,2579.8127545600287,392.44611549584283,7877.1390309632125
ID378,C,2802.6566357528977,412.0005824828879,5.5181484260047
ID438,B,2207.3120339790507,387.6965612377486,6634.849425756387
ID306,C,2877.9384844766355,414.1905210576306,-76.64665054185934
ID550,B,2450.79950230138,397.83689016993236,7411.594568352998
ID566,C,2786.9983150084718,411.0029499022498,31.174436067035913
ID386,A,2655.5984261608555,411.1239270173848,8666.176655208517
ID735,C,1766.1050559706264,375.07050895040595,1046.1612083574641
ID471,C,2955.4561226858664,417.01042244630287,-106.05406614984531
ID690,B,2244.928068292982,381.8892509745388,7316.737890475275
ID813,A,2433.2522090189445,377.05810073366894,7451.312060984452
ID104,A,2560.777405513786,419.09752783059565,8420.242926490642
ID206,B,2083.0676182963693,402.0792786548309,6627.359774964903
ID511,B,2848.410411769759,389.7328229223393,8099.671283630663
ID151,A,2762.0262630342763,428.78728648757334,8696.585382606298
ID387,C,2742.1517148977064,397.95377773556817,-906.0626897686188
ID738,A,2498.5320055362267,368.2969009731001,8048.766810537427
ID111,A,2451.9079218445104,413.83257902827637,7671.334204684229
ID288,B,2346.007284111506,410.4331720751589,6752.73030199461
ID273,B,2401.867181471922,391.2944201617781,7474.33381960885
ID409,A,2106.7734205777347,408.0737249785603,7090.3268576835135
ID426,C,2318.1676971719057,390.1744565373208,997.3732336527803
ID396,B,3115.6079546888886,400.78152035497885,9232.780892050305
ID634,B,2430.144700647251,395.9540981035377,7391.630614814649
ID746,A,2772.25963134603,421.01193192445515,8891.09586731709
ID775,B,2666.0271453200507,415.93662396192684,7445.29999334253
ID657,A,2608.9253860769204,390.5824878938622,8427.986588552047
ID882,C,1859.7773307858702,391.0220383415368,937.3628053792745
ID130,C,2701.1996867975454,373.5802354539477,299.49882229090144
ID872,C,2705.342854569828,405.5833392127223,611.6312258386597
ID628,A,1973.6045083122556,391.00068503775856,6197.5237275173895
ID164,A,2483.7666544541594,414.170080806571,8153.92789347215
ID494,A,2170.63587181633,385.2158248252015,7710.176889316707
ID674,A,2551.8637979644277,395.8966494246312,7773.184670094632
ID189,B,2105.2816760554138,412.66264639281087,6875.118974506322
ID668,A,2050.899963690418,437.5792227623417,6083.616650504008
ID567,A,2572.338642049397,390.66445645482946,8501.52408435398
ID699,B,2731.827681577597,402.29000580150887,7422.860182991848
ID870,B,2283.516174826093,417.0036669468655,6871.880952686266
ID490,C,2835.1778216343787,400.2044363050136,-203.5126844654419
ID495,B,2212.4468225054525,402.8387510394876,7034.314424628049
ID525,A,2620.10931006101,398.2163478325915,8630.231522539745
ID839,C,2877.630675664109,421.4085165976077,-133.50544338014015
ID401,B,2487.918504067184,376.2654508969143,7729.325510135664
ID535,C,2779.5238015890477,407.0067573902273,208.07448606632033
ID739,B,3206.381757332404,384.69227982525734,8839.435858477882
ID829,A,2374.7868644277073,394.84664992261054,8149.6649000546095
ID612,B,2626.2306495038015,423.841230964115,8128.819812158514
ID356,A,2434.748549208631,392.19199512892135,7617.7675392841265
ID118,A,2385.533205105742,424.7039710813925,7294.189720977274
ID742,A,2520.2879053382444,375.02508807157824,7796.749775960181
ID260,B,3019.0976702384096,406.2454180921421,8406.96869339298
ID460,A,2315.7591296455203,382.96535448010997,7606.219089427821
ID315,C,2682.5537041798525,399.3905388721654,-109.64084036614076
ID483,B,2639.3470854695797,395.14763405896474,8126.040089963131
ID605,A,2449.6398631862653,430.6704321984161,7718.360263545089
ID162,C,2477.615426746168,418.41777337477305,356.1863639326234
ID780,B,2889.8288757453065,410.57834148553087,7870.840136433864
ID708,A,2494.2018622897026,418.80817253993735,8135.1898096035475
ID361,B,3090.54582706532,430.3562271079318,8753.811848213467
ID759,B,2086.319479013457,396.7322345747476,6472.445547796493
ID820,B,2510.1927305355157,388.2917917897318,7278.528006694318
ID736,C,2537.341252369977,416.05894119548856,688.2943034209607
ID748,A,2624.098122714961,420.64343934489006,8535.38572285728
ID650,B,2476.4069596262498,408.5446858758085,7215.034780208218
ID777,C,2012.6971078292431,370.37726185864307,899.8084170513766
ID644,A,2633.0430952175775,405.99321929853755,8746.354321718527
ID816,A,2432.986268612928,401.35348321999044,7568.651383036845
ID497,B,2454.1483339506667,415.6568811754621,7179.482752698732
ID425,B,2208.3016659719824,410.1743662380332,6832.738869337473
ID437,A,2591.4939944527478,397.4242915203481,8510.167796625305
ID122,B,2446.85894307017,389.0845727169607,6973.083741924757
ID192,A,1954.6190722836,426.8657486225199,6092.099481639362
ID522,B,2178.028041280767,380.99085967961753,6335.769918352709
ID197,C,1912.416269362925,396.6732712359405,1144.877350269325
ID428,C,2561.996264449113,396.69570176282434,-223.11243803750585
ID843,B,2421.5962440432313,392.20149934290635,7775.781246143979
ID466,B,2635.3101319806656,403.8943094348755,7645.007500213545
ID358,B,2070.711225261415,361.8538627849949,6744.488790314088
ID429,C,2535.4300342126703,430.6956659040448,147.41052045461538
ID277,B,2479.624181284446,385.55839744014236,7780.361393195015
ID133,B,2285.9898735199404,401.66953290262035,6761.67527242528
ID159,A,2804.899273994846,411.1200969495508,9044.998599296294
ID818,C,2674.371281282112,396.9178339263826,100.52463972747955
ID247,A,3342.2926167021697,401.35463496302253,10965.781975769169
ID518,B,2434.6930684394915,380.09124362613005,7202.03479278152
ID728,A,3235.4383749020917,401.96005453007365,9875.052279749409
ID177,B,2547.0172586603776,396.83006236105126,7538.003430585241
ID539,A,3084.8576301784615,397.0177336077528,9769.027233179564
ID835,B,2370.1393030012937,419.2385412494876,7265.55040742445
ID317,A,2483.9082869297463,421.20215677846494,7611.393044834806
ID258,B,2186.598210909132,391.9051489069648,6391.614243023369
ID855,B,2608.2541048877356,382.0977003597685,7182.136948681378
ID900,A,2310.4770953492775,388.1558107551033,7646.672208393835
ID239,A,2699.4814510507117,421.2784689920565,8392.014642013737
ID169,A,2639.8088034405096,426.1960906322017,8203.856714166579
ID740,A,2212.9879479835945,390.2889919450557,6827.3783025516595
ID137,A,2424.07387675824,389.89690561654714,7485.959021576138
ID765,A,2175.6978418028684,417.3512278871663,7264.779595965383
ID862,C,2522.302786394657,376.97819573231203,332.0049985044784
ID419,B,2278.9999587008306,416.98060703480564,7314.90626818609
ID221,C,1942.8804235353687,417.37791019508035,966.570012682706
ID391,A,2131.0569131543434,410.30544600106657,6651.082407992673
ID218,A,2532.601055232335,378.12466765726043,8340.634648231422
ID112,A,2179.002222765628,374.28158572430675,6534.419076656453
ID596,A,2615.689933208469,408.8777223337546,8701.74224464373
ID175,A,2486.714637946637,387.9384834963428,7733.685670207731
ID123,A,2422.363357250003,383.58304762361917,8289.81786769846
ID447,B,2572.6780474837037,402.52702719290465,7639.374403106507
ID411,A,2695.29565540851,382.6342433645449,8843.358631804007
ID184,A,2511.4581010699744,405.2736100259563,7730.857114921797
ID364,A,2312.3655566526077,422.245032363549,6976.397072187312
ID600,B,2403.5274754337024,373.14276477585497,7721.126185383787
ID528,C,2597.3578056973906,389.9230528555499,332.6877031449212
ID379,A,2289.288994637271,412.87612436259457,7409.533605945218
